ID,ID_kopalni,Mineraly,X,Y
1,0,Zloto;Diamenty;Srebro,269,337
2,0,Zelazo;Zloto;Wegiel,750,186
3,0,Miedz;Srebro,571,593
4,0,Diamenty;Wegiel,234,691
5,0,Wegiel;Srebro,59,725
6,0,Diamenty;Zloto;Miedz,644,558
7,0,Wegiel;Zelazo;Diamenty,570,78
8,0,Srebro;Miedz;Diamenty,717,738
9,0,Diamenty;Wegiel,671,268
10,0,Srebro;Miedz;Diamenty,243,683
11,0,Zloto;Wegiel;Miedz,579,289
12,0,Diamenty,119,406
13,0,Miedz;Zelazo;Zloto,63,244
14,0,Zelazo,115,350
15,0,Zelazo;Srebro;Wegiel,343,203
16,0,Srebro;Zelazo,628,249
17,0,Srebro;Miedz,103,644
18,0,Miedz,331,471
19,0,Srebro,56,356
20,0,Diamenty;Miedz,108,410
21,0,Zloto;Diamenty,567,734
22,0,Miedz;Zelazo;Zloto,603,366
23,0,Zelazo;Srebro;Miedz,94,479
24,0,Miedz,464,398
25,0,Wegiel,413,142
26,0,Srebro;Diamenty,348,229
27,0,Miedz;Wegiel,233,371
28,0,Miedz;Zelazo,489,441
29,0,Miedz,214,738
30,0,Miedz,143,730
31,0,Srebro,135,387
32,0,Diamenty;Miedz,469,336
33,0,Srebro,196,377
34,0,Wegiel;Zloto,196,529
35,0,Zloto;Zelazo;Wegiel,235,441
36,0,Miedz,631,322
37,0,Zloto;Diamenty;Srebro,510,478
38,0,Wegiel;Srebro;Diamenty,216,266
39,0,Wegiel;Srebro,665,228
40,0,Srebro;Zelazo,477,256
41,0,Zelazo;Diamenty,458,390
42,0,Zelazo;Miedz,595,618
43,0,Zloto;Srebro;Zelazo,215,130
44,0,Zloto,530,678
45,0,Diamenty;Miedz,92,729
46,0,Diamenty;Zelazo,426,695
47,0,Wegiel;Zloto;Miedz,588,89
48,0,Zloto;Diamenty,371,337
49,0,Zloto,364,346
50,0,Wegiel;Zloto,348,579
51,0,Zloto,613,131
52,0,Diamenty,624,179
53,0,Zloto,587,354
54,0,Zelazo;Srebro,671,230
55,0,Wegiel;Zloto;Zelazo,178,612
56,0,Miedz,181,241
57,0,Srebro;Zloto,319,111
58,0,Diamenty;Wegiel;Zloto,221,287
59,0,Zloto;Diamenty,362,122
60,0,Miedz;Srebro;Wegiel,436,666
61,0,Zelazo,666,442
62,0,Zelazo,617,135
63,0,Srebro;Wegiel,389,522
64,0,Miedz;Srebro;Zelazo,147,405
65,0,Zloto;Zelazo,415,174
66,0,Diamenty;Zloto;Zelazo,242,692
67,0,Wegiel,260,450
68,0,Miedz;Diamenty;Wegiel,340,666
69,0,Miedz;Zelazo,542,634
70,0,Wegiel;Miedz;Zloto,388,492
71,0,Wegiel;Diamenty,336,634
72,0,Wegiel;Zloto;Diamenty,407,529
73,0,Wegiel;Diamenty;Zloto,346,725
74,0,Miedz;Srebro,362,567
75,0,Wegiel,272,220
76,0,Zloto,399,477
77,0,Zloto;Srebro,750,369
78,0,Srebro;Zelazo,349,282
79,0,Wegiel;Diamenty,225,609
80,0,Miedz,511,224
81,0,Miedz;Srebro;Zloto,223,144
82,0,Wegiel;Zelazo,593,212
83,0,Zloto;Wegiel;Miedz,484,166
84,0,Diamenty;Zloto,377,716
85,0,Diamenty;Wegiel,523,354
86,0,Wegiel;Miedz,413,359
87,0,Diamenty,91,487
88,0,Wegiel;Diamenty;Srebro,524,50
89,0,Miedz,115,262
90,0,Zloto,322,437
91,0,Zelazo;Zloto,57,505
92,0,Zloto,641,59
93,0,Zloto;Diamenty;Zelazo,492,117
94,0,Zloto,157,64
95,0,Miedz,573,312
96,0,Miedz;Zloto,406,703
97,0,Miedz;Zelazo,296,716
98,0,Zelazo;Diamenty,149,403
99,0,Zelazo,542,717
100,0,Srebro,94,252
101,0,Zloto;Zelazo;Srebro,723,339
102,0,Zelazo;Wegiel,327,685
103,0,Diamenty;Srebro,416,224
104,0,Zloto;Wegiel,156,396
105,0,Zloto,332,187
106,0,Srebro,507,257
107,0,Wegiel,359,249
108,0,Zelazo,576,98
109,0,Miedz,619,643
110,0,Zloto,376,243
111,0,Srebro;Wegiel,539,669
112,0,Miedz,218,519
113,0,Zloto,217,355
114,0,Diamenty;Srebro;Zloto,289,639
115,0,Srebro,223,227
116,0,Srebro;Diamenty;Wegiel,481,538
117,0,Zloto;Diamenty;Zelazo,248,291
118,0,Srebro,744,662
119,0,Zelazo;Wegiel,138,359
120,0,Wegiel;Diamenty,157,662
121,0,Zloto;Wegiel;Zelazo,669,674
122,0,Diamenty,79,101
123,0,Srebro;Zelazo,269,199
124,0,Diamenty;Srebro,650,144
125,0,Zloto,414,673
126,0,Wegiel;Diamenty,255,289
127,0,Zelazo;Srebro;Wegiel,237,688
128,0,Diamenty,678,640
129,0,Srebro;Wegiel;Diamenty,61,77
130,0,Zloto;Wegiel,587,241
131,0,Diamenty,268,297
132,0,Miedz;Zelazo,217,559
133,0,Zelazo,426,420
134,0,Srebro,307,591
135,0,Zelazo;Wegiel;Miedz,250,159
136,0,Zelazo;Srebro,531,647
137,0,Diamenty;Miedz;Wegiel,386,288
138,0,Zloto,482,268
139,0,Zelazo,611,431
140,0,Srebro;Wegiel;Zloto,546,437
141,0,Zelazo;Miedz;Diamenty,62,203
142,0,Miedz;Zloto;Diamenty,458,97
143,0,Diamenty;Wegiel;Zloto,221,684
144,0,Wegiel;Miedz,153,268
145,0,Diamenty;Wegiel,155,395
146,0,Diamenty;Miedz,185,381
147,0,Srebro;Zloto,56,79
148,0,Zloto,687,154
149,0,Zelazo;Srebro,666,370
150,0,Zloto;Srebro;Zelazo,701,179
151,0,Diamenty,670,412
152,0,Zelazo;Zloto,653,239
153,0,Miedz;Diamenty,290,129
154,0,Diamenty;Zloto,667,709
155,0,Miedz;Zelazo,586,637
156,0,Wegiel;Diamenty;Zelazo,424,318
157,0,Wegiel,626,651
158,0,Diamenty;Zelazo,421,511
159,0,Diamenty;Wegiel;Miedz,52,200
160,0,Zloto,417,748
161,0,Diamenty;Wegiel,535,239
162,0,Diamenty;Miedz,606,512
163,0,Zloto,412,112
164,0,Wegiel;Zelazo;Srebro,231,174
165,0,Srebro;Diamenty,265,717
166,0,Srebro,564,657
167,0,Zloto,619,99
168,0,Miedz;Zloto;Diamenty,644,362
169,0,Wegiel,637,538
170,0,Zloto;Zelazo;Miedz,609,160
171,0,Srebro;Zelazo,276,97
172,0,Zelazo,296,207
173,0,Srebro;Miedz,655,561
174,0,Miedz;Zloto;Zelazo,478,106
175,0,Wegiel,740,319
176,0,Miedz,422,339
177,0,Srebro,91,628
178,0,Srebro;Zelazo,418,115
179,0,Diamenty;Zelazo,666,76
180,0,Zelazo;Srebro,501,204
181,0,Zloto,53,366
182,0,Zelazo,153,701
183,0,Diamenty;Zloto,448,546
184,0,Miedz;Diamenty,601,705
185,0,Miedz;Diamenty;Srebro,559,405
186,0,Zloto;Miedz,740,678
187,0,Wegiel,573,343
188,0,Zloto;Diamenty;Wegiel,142,260
189,0,Miedz,276,322
190,0,Srebro;Zloto,488,637
191,0,Miedz,671,692
192,0,Miedz,709,439
193,0,Miedz,126,654
194,0,Miedz;Zelazo,578,52
195,0,Diamenty;Wegiel;Miedz,631,455
196,0,Zloto,52,670
197,0,Miedz;Wegiel;Diamenty,609,209
198,0,Miedz;Wegiel;Zelazo,122,393
199,0,Zelazo;Diamenty;Srebro,53,434
200,0,Diamenty,461,275
